Company Name,Website,City,Segment,What They Make,Revenue Band,Decision Maker,C1 Manufacturer,C2 India Based,C3 Differentiated,C4 Technical DM,C5 Growing Sector,C6 Growth Signals,Federer Score,Verdict,Personalization Hook
Lazuline Biotech,lazulinebio.com,Hyderabad,Specialty Biotech,Recombinant Human Serum Albumin and biotech proteins,30-100Cr,Prasad Kandimalla - Scientist founder,Strong - in-house recombinant protein manufacturing,Strong - Hyderabad biotech operations,Strong - rare recombinant HSA capability,Strong - scientist-led company,Strong - biologics and China+1 tailwinds,Moderate - limited but visible biotech growth activity,85,Strong Fit,One of few companies globally producing recombinant HSA using Pichia expression system
Virchow Biotech,virchowbiotech.com,Hyderabad,Biotech,Vaccines and recombinant biotech products,100-300Cr,Technical promoter background,Strong - vaccine manufacturing facilities,Strong - India manufacturing presence,Strong - biotech manufacturing specialization,Moderate - technical leadership,Strong - vaccine demand growth,Strong - expansion and hiring signals,88,Strong Fit,Strong vaccine manufacturing expansion in Hyderabad biotech ecosystem
Indian Immunologicals,indianimmunologicals.com,Hyderabad,Vaccines,Human and veterinary vaccines,300-500Cr,Dr K Anand Kumar - technical leadership,Strong - multiple vaccine plants,Strong - India headquartered,Strong - vaccine and biologics specialization,Strong - technical management,Strong - animal health and vaccine sector growth,Strong - active manufacturing expansion,90,Strong Fit,Large vaccine manufacturing presence with veterinary biologics focus
Sai Life Sciences,sailife.com,Hyderabad,Specialty Pharma,Drug discovery and pharmaceutical manufacturing,300-500Cr,Founder with pharma technical background,Moderate - manufacturing plus research operations,Strong - Hyderabad HQ,Strong - specialty pharma R&D,Moderate - technical management structure,Strong - pharma export tailwinds,Strong - active hiring and expansion,78,Fit,Expanding integrated drug discovery and manufacturing capabilities
Hetero Biopharma,heterobiopharma.com,Hyderabad,Biopharma,Biosimilars and biologic drugs,100-300Cr,Technical pharma leadership,Strong - biologics manufacturing,Strong - Indian manufacturing base,Strong - biosimilar expertise,Moderate - technical executive team,Strong - biosimilar growth market,Moderate - recent expansion signals,80,Strong Fit,Focused biosimilar manufacturing for regulated markets
Biological E,biologicale.com,Hyderabad,Vaccines,Vaccines and injectable pharmaceuticals,300-500Cr,Mahima Datla - biotech leadership,Strong - vaccine production facilities,Strong - India-based vaccine maker,Strong - vaccine innovation,Moderate - biotech leadership,Strong - vaccine sector tailwinds,Strong - capacity expansion announcements,84,Fit,Expanded vaccine manufacturing capabilities in recent years
Vimta Labs,vimta.com,Hyderabad,Diagnostics,Testing labs and diagnostic services,100-300Cr,Technical scientific management,Moderate - limited manufacturing focus,Strong - Hyderabad operations,Moderate - diagnostics specialization,Strong - scientific leadership,Strong - diagnostics market growth,Moderate - active operations visible,58,Borderline,Known analytical and diagnostic testing infrastructure
Shantha Biotechnics,shanthabiotech.com,Hyderabad,Biotech,Biopharmaceutical and vaccine products,100-300Cr,Technical biotech founders,Strong - biotech production capability,Strong - India operations,Strong - vaccine innovation history,Strong - scientist-driven foundation,Strong - biotech growth sector,Weak - acquisition-related limitations,62,Borderline,Pioneer in affordable vaccine manufacturing in India
Zenotech Laboratories,zenotechlab.com,Hyderabad,Biopharma,Oncology and biotechnology products,100-300Cr,Pharma technical leadership,Strong - oncology manufacturing,Strong - Hyderabad pharma operations,Moderate - niche oncology focus,Moderate - technical management,Strong - oncology pharma growth,Moderate - visible market activity,72,Fit,Specialized oncology-focused pharmaceutical portfolio
Aizant Drug Research Solutions,aizant.com,Hyderabad,Pharma,Pharmaceutical research and formulation manufacturing,100-300Cr,Technical pharma management,Moderate - mix of services and manufacturing,Strong - India operations,Moderate - formulation specialization,Moderate - technical team,Strong - pharma services growth,Moderate - hiring activity,55,Borderline,Integrated pharma formulation and research services
Laurus Labs,lauruslabs.com,Hyderabad,APIs,Active pharmaceutical ingredients and formulations,300-500Cr,Dr Satyanarayana Chava - pharma entrepreneur,Strong - API manufacturing plants,Strong - India HQ,Strong - regulated market approvals,Strong - technical founder,Strong - pharma export growth,Strong - expansion and export growth,89,Strong Fit,Major investment into high-value APIs and formulations
Bharat Biotech,bharatbiotech.com,Hyderabad,Vaccines,Vaccines and biotech innovation products,300-500Cr,Dr Krishna Ella - scientist founder,Strong - vaccine manufacturing plants,Strong - Hyderabad HQ,Strong - vaccine R&D and patents,Strong - scientist-led organization,Strong - vaccine and biotech growth,Strong - expansion and hiring activity,95,Strong Fit,Known for indigenous vaccine innovation and R&D
Gland Pharma,glandpharma.com,Hyderabad,Injectables,Sterile injectables and pharmaceutical manufacturing,Above 500Cr,Professional pharma leadership,Strong - injectable manufacturing facilities,Strong - India manufacturing,Strong - sterile injectable specialization,Moderate - corporate leadership,Strong - injectables export growth,Strong - expansion activity,65,Borderline,Major injectable manufacturing exporter
SMS Pharmaceuticals,smspharma.com,Hyderabad,Specialty Pharma,Active pharmaceutical ingredients and intermediates,100-300Cr,Technical pharma management,Strong - API production plants,Strong - India manufacturing base,Moderate - specialty APIs,Moderate - technical operations,Strong - API demand growth,Moderate - visible expansion,70,Fit,Focused on regulated-market API manufacturing
Aurobindo Pharma,aurobindo.com,Hyderabad,APIs,Generic pharmaceuticals and APIs,Above 500Cr,Professional management structure,Strong - large-scale manufacturing,Strong - Indian pharma major,Moderate - generic-heavy portfolio,Moderate - technical operations,Strong - pharma exports,Strong - continuous expansion,55,Borderline,Large API and formulation export business
Natco Pharma,natcopharma.co.in,Hyderabad,Oncology Pharma,Oncology formulations and APIs,300-500Cr,Technical pharma leadership,Strong - oncology manufacturing,Strong - Hyderabad operations,Strong - niche oncology products,Moderate - technical leadership,Strong - oncology sector growth,Strong - export and facility expansion,82,Strong Fit,Strong presence in oncology-focused specialty pharma
Suven Pharmaceuticals,suven.com,Hyderabad,CDMO,Contract drug manufacturing and intermediates,300-500Cr,Institutional ownership influence,Strong - pharma manufacturing capability,Strong - India operations,Strong - CDMO expertise,Moderate - technical operations,Strong - CDMO growth sector,Moderate - active operations,38,Fail,PE ownership reduces promoter-driven culture fit
Pulse Pharmaceuticals,pulsepharma.net,Hyderabad,Specialty Pharma,Specialty formulations and pharmaceuticals,100-300Cr,Technical pharma leadership,Moderate - formulation manufacturing,Strong - Hyderabad operations,Moderate - specialty product portfolio,Moderate - technical management,Strong - specialty pharma growth,Moderate - active market presence,68,Fit,Focused specialty pharmaceutical formulations
Biophore India Pharmaceuticals,biophore.com,Hyderabad,APIs,Complex APIs and niche pharmaceutical ingredients,100-300Cr,Dr Jagadeesh Babu Rangisetty - technical founder,Strong - complex API manufacturing,Strong - India manufacturing,Strong - niche regulated APIs,Strong - technical founder leadership,Strong - regulated API market growth,Strong - expansion and hiring,90,Strong Fit,Focused on niche regulated-market APIs
Srini Pharmaceuticals,srinipharma.com,Hyderabad,Specialty Chemicals,Pharmaceutical intermediates and specialty chemicals,30-100Cr,Technical operations leadership,Moderate - manufacturing operations,Strong - India-based manufacturing,Moderate - intermediates specialization,Moderate - technical team,Strong - specialty chemical growth,Moderate - stable operations,65,Fit,Specialty pharma intermediates manufacturing
Rakshit Drugs,rakshitdrugs.com,Hyderabad,APIs,API manufacturing and pharmaceutical intermediates,30-100Cr,Technical pharma management,Strong - API production capability,Strong - Hyderabad operations,Moderate - API specialization,Moderate - technical leadership,Strong - pharma manufacturing tailwinds,Moderate - visible manufacturing activity,67,Fit,API-focused pharmaceutical manufacturing company
Lee Pharma,leepharma.com,Hyderabad,APIs,Diabetes-focused pharmaceutical products and APIs,100-300Cr,Technical pharma leadership,Strong - pharma manufacturing plants,Strong - India operations,Moderate - diabetes specialty focus,Moderate - technical management,Strong - chronic disease pharma growth,Moderate - product expansion activity,71,Fit,Focused diabetes pharmaceutical product portfolio
Metrochem API,metroapi.com,Hyderabad,APIs,Active pharmaceutical ingredients manufacturing,100-300Cr,Technical pharma management,Strong - API manufacturing facilities,Strong - Hyderabad manufacturing,Moderate - API specialization,Moderate - technical operations,Strong - export-oriented API sector,Moderate - manufacturing growth signals,69,Fit,Export-oriented API manufacturing operations
Aurigene Pharmaceutical Services,aurigeneservices.com,Hyderabad,Drug Discovery,Drug discovery and contract research services,100-300Cr,Scientific leadership team,Weak - service-heavy model,Strong - India R&D operations,Strong - discovery research capability,Strong - scientific leadership,Strong - pharma innovation sector,Moderate - active growth activity,45,Borderline,Strong scientific capabilities but service-heavy business model
Granules India,granulesindia.com,Hyderabad,APIs,Pharmaceutical formulations and APIs,300-500Cr,Krishna Prasad Chigurupati - pharma entrepreneur,Strong - large-scale manufacturing,Strong - India HQ,Moderate - formulation and API expertise,Moderate - promoter-led pharma company,Strong - pharma exports and demand,Strong - facility expansion activity,78,Fit,Major investments into formulation and API capacity expansion